name,asset_id,coded_filename,friendly_filename,catalog_group,category,cr,size,creature_type,campaign_status,recommended_party_levels,sha256,bytes
Abominable Yeti,3f56dcd373664b27c1751ee3,docs/tokens/3f56dcd373664b27c1751ee3.webp,named/abominable-yeti__3f56dcd373664b27c1751ee3.webp,natural_ecology,Natural Wildlife/Cold-Region Predators,9,Huge,Monstrosity,"Natural, exceptional",8-11,3f56dcd373664b27c1751ee3f5176908d28afdb9431f9f6b03689c9f94ba055c,14714
Adult Kruthik,785e692c1f2d2c2681f77054,docs/tokens/785e692c1f2d2c2681f77054.webp,named/adult-kruthik__785e692c1f2d2c2681f77054.webp,natural_ecology,Natural Wildlife/Venomous Animals and Large Insects,2,Medium,Monstrosity,Planar invasive,2-4,785e692c1f2d2c2681f77054541e983ba242379699d77274cdfc4046897808f6,13146
Air Elemental,bc18cc1383cbc39f3748fe43,docs/tokens/bc18cc1383cbc39f3748fe43.webp,named/air-elemental__bc18cc1383cbc39f3748fe43.webp,gate_incursions,Planar and Escaped/Major Elemental Gate Creatures,5,Large,Elemental,Severe planar elemental,5-8,bc18cc1383cbc39f3748fe430c83a5c604381fdf8b3d03eaea2d57c31c550a05,11694
Animated Armor,191b536dc8550997f59fa658,docs/tokens/191b536dc8550997f59fa658.webp,named/animated-armor__191b536dc8550997f59fa658.webp,constructs_and_animated,Planar and Escaped/Magically Animated Constructs and Objects,1,Medium,Construct,Magically animated construct,1-3,191b536dc8550997f59fa658bd444fece9b942caef83c0f5b9678280222dd6a1,11102
Animated Flying Sword,1fe5c3eafe2dbd03a73634c3,docs/tokens/1fe5c3eafe2dbd03a73634c3.webp,named/animated-flying-sword__1fe5c3eafe2dbd03a73634c3.webp,constructs_and_animated,Planar and Escaped/Magically Animated Constructs and Objects,1/4,Small,Construct,Magically animated construct,1-2,1fe5c3eafe2dbd03a73634c3b40c0de1bcaccd12fe0007347823ae2c79a414cb,4704
Animated Rug of Smothering,c1f4c3f0eca8cb3b3be1021b,docs/tokens/c1f4c3f0eca8cb3b3be1021b.webp,named/animated-rug-of-smothering__c1f4c3f0eca8cb3b3be1021b.webp,constructs_and_animated,Planar and Escaped/Magically Animated Constructs and Objects,2,Large,Construct,Magically animated construct,2-4,c1f4c3f0eca8cb3b3be1021ba6b91e0bb9bd667a5f5582e4b4a6289b6a334d11,13630
Ankheg,23ad7ed9a1daad3ac0920c27,docs/tokens/23ad7ed9a1daad3ac0920c27.webp,named/ankheg__23ad7ed9a1daad3ac0920c27.webp,natural_ecology,"Natural Wildlife/Cavern, Mine and Burrowing Predators",2,Large,Monstrosity,Natural,2-4,23ad7ed9a1daad3ac0920c27356ca9e620335d3d46fcce306f4fea9ba411dd63,11464
Assassin Vine,21864e99ad45b8759c00ee23,docs/tokens/21864e99ad45b8759c00ee23.webp,named/assassin-vine__21864e99ad45b8759c00ee23.webp,natural_ecology,"Natural Ecology/Physical Fungi, Myconids, and Predatory Plants",3,Large,Plant,Rare natural predatory plant or escaped specimen,3-5,21864e99ad45b8759c00ee237e61876b924096beb74834460b6b9d5c79669964,10298
Awakened Shrub,cb72d4928198407b3607c518,docs/tokens/cb72d4928198407b3607c518.webp,named/awakened-shrub__cb72d4928198407b3607c518.webp,planar_and_magical,Planar and Escaped/Magically Sustained Plants and Blights,0,Small,Plant,Magically awakened individual,Varies by CR,cb72d4928198407b3607c518b69ea65cf408f7ed908bec5f8fd14eb87cec32a5,11026
Awakened Tree,6f918e199c38db57235ed516,docs/tokens/6f918e199c38db57235ed516.webp,named/awakened-tree__6f918e199c38db57235ed516.webp,planar_and_magical,Planar and Escaped/Magically Sustained Plants and Blights,2,Huge,Plant,Magically awakened individual,Varies by CR,6f918e199c38db57235ed516ec913e31abd22abe09efdd193bcc4f45682dfa6c,14574
Azer,1d05b36376ca3cd379adc2eb,docs/tokens/1d05b36376ca3cd379adc2eb.webp,named/azer__1d05b36376ca3cd379adc2eb.webp,gate_incursions,Planar and Escaped/Minor Elemental Gate Creatures,2,Medium,Elemental,Planar elemental gate creature,2-4,1d05b36376ca3cd379adc2ebaca34737515f0a97bd88999d74648403fb185297,12854
Barlgura,40e5f54b0b9203197bff319c,docs/tokens/40e5f54b0b9203197bff319c.webp,named/barlgura__40e5f54b0b9203197bff319c.webp,gate_incursions,Planar and Escaped/Severe Gate Incursions,5,Large,Fiend (Demon),Planar,5-7,40e5f54b0b9203197bff319c1a0560c61bc7d3bafed93dc4631cb6478dc3685c,12272
Basilisk,cad6cd5692c465911eef50ff,docs/tokens/cad6cd5692c465911eef50ff.webp,named/basilisk__cad6cd5692c465911eef50ff.webp,planar_and_magical,Planar and Escaped/Captured and Transported Monstrosities,3,Medium,Monstrosity,Planar or escaped,3-5,cad6cd5692c465911eef50ff9099d66e59d220982cd0c5ada9b7c27dc3e7f6af,11998
Black Pudding,b81c7c67d32db8b90eef43df,docs/tokens/b81c7c67d32db8b90eef43df.webp,named/black-pudding__b81c7c67d32db8b90eef43df.webp,natural_ecology,Natural Ecology/Approved Nonmagical Oozes,4,Large,Ooze,Approved unintelligent nonmagical organism,4-6,b81c7c67d32db8b90eef43df10515dfe134b0215d3725b562e858264ef2546b6,10726
Blink Dog,a0556d9e83afec66962d7daf,docs/tokens/a0556d9e83afec66962d7daf.webp,named/blink-dog__a0556d9e83afec66962d7daf.webp,planar_and_magical,Planar and Escaped/Fey and Ethereal Predators,1/4,Medium,Fey,Planar or escaped,1-3 in packs,a0556d9e83afec66962d7daf710a650051ddaf65b1869961aa84104e5e7482e0,12656
Blue Slaad,ef9d05d0e3e33d9cf977a3fa,docs/tokens/ef9d05d0e3e33d9cf977a3fa.webp,named/blue-slaad__ef9d05d0e3e33d9cf977a3fa.webp,gate_incursions,Planar and Escaped/Severe Gate Incursions,7,Large,Aberration,Planar,7-9,ef9d05d0e3e33d9cf977a3fac0a33765130d3b5cb9aeba200655d90fdc37d9c9,12064
Boggle,9d735986d74e322dc67fd002,docs/tokens/9d735986d74e322dc67fd002.webp,named/boggle__9d735986d74e322dc67fd002.webp,planar_and_magical,Planar and Escaped/Fey and Magical Wilderness Creatures,1/8,Small,Fey,"Planar visitor, resident, or escaped fey",1-2,9d735986d74e322dc67fd0020673419540917fee8f4769e0c64fea3240930916,7154
Bone Devil,62f605034b027460e1eaef68,docs/tokens/62f605034b027460e1eaef68.webp,named/bone-devil__62f605034b027460e1eaef68.webp,gate_incursions,Planar and Escaped/Severe Gate Incursions,9,Large,Fiend (Devil),Planar,9-11,62f605034b027460e1eaef685864e8d246c70014c00f1dc859142034bccc60ce,12416
Bronze Scout,390667c019fe5f5ff5b26ef2,docs/tokens/390667c019fe5f5ff5b26ef2.webp,named/bronze-scout__390667c019fe5f5ff5b26ef2.webp,constructs_and_animated,Planar and Escaped/Clockwork Construct Adaptation Chassis,1,Medium,Construct,Official magical construct and possible chassis for a separate nonmagical Elyndrian variant,Varies by CR,390667c019fe5f5ff5b26ef2c2568c79f5b191916363f024c4adbc7a15fe1ca7,8936
Bulette,edd29076de375c8061d41701,docs/tokens/edd29076de375c8061d41701.webp,named/bulette__edd29076de375c8061d41701.webp,natural_ecology,"Natural Wildlife/Cavern, Mine and Burrowing Predators",5,Large,Monstrosity,Natural,5-7,edd29076de375c8061d417018bbc7b08ab7b44997694c9e1293dd8e611584006,13060
Carrion Crawler,8641db633af0568bacf38bb9,docs/tokens/8641db633af0568bacf38bb9.webp,named/carrion-crawler__8641db633af0568bacf38bb9.webp,natural_ecology,"Natural Wildlife/Cavern, Mine and Burrowing Predators",2,Large,Monstrosity,Natural,2-4,8641db633af0568bacf38bb9ffa9b2d267c0a3cb87d4c2d93dbbfb0b12805757,11630
Cave Fisher,c2e48a4d1d9c87d48745637f,docs/tokens/c2e48a4d1d9c87d48745637f.webp,named/cave-fisher__c2e48a4d1d9c87d48745637f.webp,natural_ecology,"Natural Wildlife/Cavern, Mine and Burrowing Predators",3,Medium,Monstrosity,Natural cavern predator,3-5,c2e48a4d1d9c87d48745637ff362a9a2c216c40bb7fe224342688603246bdf1e,10934
Chain Devil,15c94e024ef2642dcf1174fa,docs/tokens/15c94e024ef2642dcf1174fa.webp,named/chain-devil__15c94e024ef2642dcf1174fa.webp,gate_incursions,Planar and Escaped/Severe Gate Incursions,8,Medium,Fiend (Devil),Planar,8-10,15c94e024ef2642dcf1174fa9af5db780bf1ccc46124f1565072bab5566ce019,9988
Chasme,6fe2accf6f2764bc6a0fe0a8,docs/tokens/6fe2accf6f2764bc6a0fe0a8.webp,named/chasme__6fe2accf6f2764bc6a0fe0a8.webp,gate_incursions,Planar and Escaped/Severe Gate Incursions,6,Large,Fiend (Demon),Planar,6-8,6fe2accf6f2764bc6a0fe0a8827ec7127be2fc12066113707aa673846136a8ec,9580
Chuul,6ec982ce171d032462102179,docs/tokens/6ec982ce171d032462102179.webp,named/chuul__6ec982ce171d032462102179.webp,gate_incursions,Planar and Escaped/Minor and Moderate Gate Incursions,4,Large,Aberration,Planar or escaped,4-6,6ec982ce171d03246210217978e235b0ddeda8daf48881d89fc574802defcb1b,14096
Clay Golem,ba056bd5840f13641b837dd9,docs/tokens/ba056bd5840f13641b837dd9.webp,named/clay-golem__ba056bd5840f13641b837dd9.webp,constructs_and_animated,Planar and Escaped/Magically Animated Constructs and Objects,9,Large,Construct,Magically animated construct,9-11,ba056bd5840f13641b837dd98b4df3af26cc342b6474b93504f580ae268bb2a0,12682
Cockatrice,d9dc4dc30a7de17693a53d93,docs/tokens/d9dc4dc30a7de17693a53d93.webp,named/cockatrice__d9dc4dc30a7de17693a53d93.webp,planar_and_magical,Planar and Escaped/Captured and Transported Monstrosities,1/2,Small,Monstrosity,Planar or escaped,1-3,d9dc4dc30a7de17693a53d93048616ce29c0251bae04cb7313b4b7e14ae1be87,11908
Darkling,bd6f07cf063b91594cc967e0,docs/tokens/bd6f07cf063b91594cc967e0.webp,named/darkling__bd6f07cf063b91594cc967e0.webp,planar_and_magical,Planar and Escaped/Fey and Magical Wilderness Creatures,1/2,Small,Fey,"Planar visitor, resident, or escaped fey",1-3,bd6f07cf063b91594cc967e0bf44da938c198f3b5f6b73f0b7390025d4b5d47f,6918
Darkmantle,66dfe97efd3e842b9e5f6333,docs/tokens/66dfe97efd3e842b9e5f6333.webp,named/darkmantle__66dfe97efd3e842b9e5f6333.webp,natural_ecology,"Natural Wildlife/Cavern, Mine and Burrowing Predators",1/2,Small,Monstrosity,Natural cavern predator,1-3,66dfe97efd3e842b9e5f6333d4eacdda7016e72f7dbf272aa54c8d43c731048e,5482
Death Dog,a32491933211d70195debd8b,docs/tokens/a32491933211d70195debd8b.webp,named/death-dog__a32491933211d70195debd8b.webp,planar_and_magical,Planar and Escaped/Captured and Transported Monstrosities,1,Medium,Monstrosity,Planar or escaped,1-3,a32491933211d70195debd8ba5d5f7a39a3d86f64c45fd482b256fc718e82db1,8300
Dire Wolf,6ba37b8dcd819b1024b60e36,docs/tokens/6ba37b8dcd819b1024b60e36.webp,named/dire-wolf__6ba37b8dcd819b1024b60e36.webp,natural_ecology,Natural Wildlife/Wolves and Large Predators,1,Large,Beast,Natural,2-4,6ba37b8dcd819b1024b60e364abb4517c42730df2464908e28bf92f827b5520e,7924
Displacer Beast,7a0bd1ff896d08c830a94f6a,docs/tokens/7a0bd1ff896d08c830a94f6a.webp,named/displacer-beast__7a0bd1ff896d08c830a94f6a.webp,planar_and_magical,Planar and Escaped/Fey and Ethereal Predators,3,Large,Monstrosity,Planar or escaped,3-5,7a0bd1ff896d08c830a94f6a94d16c2192aff54a900295d145f1921a772a9e16,5962
Dretch,1fcdda6de3130959f88d2cd9,docs/tokens/1fcdda6de3130959f88d2cd9.webp,named/dretch__1fcdda6de3130959f88d2cd9.webp,gate_incursions,Planar and Escaped/Minor and Moderate Gate Incursions,1/4,Small,Fiend (Demon),Planar,1-3 in groups,1fcdda6de3130959f88d2cd98231836805e14639483251254312ee7d3c84c1a6,10928
Dryad,799e9ceb81db07e9be5965e0,docs/tokens/799e9ceb81db07e9be5965e0.webp,named/dryad__799e9ceb81db07e9be5965e0.webp,planar_and_magical,Planar and Escaped/Fey and Magical Wilderness Creatures,1,Medium,Fey,"Planar visitor, resident, or escaped fey",1-3 or social,799e9ceb81db07e9be5965e0443f079d8833084d33714d299fd21c04e098ca13,10092
Dust Mephit,057cc059236c7316780aecc6,docs/tokens/057cc059236c7316780aecc6.webp,named/dust-mephit__057cc059236c7316780aecc6.webp,gate_incursions,Planar and Escaped/Minor Elemental Gate Creatures,1/2,Small,Elemental,Planar elemental gate creature,1-3 in groups,057cc059236c7316780aecc6a209fccf69d15f483f1b28c8a8f4b7999b7a59ec,8990
Earth Elemental,a2b5ec0f0d4e57a358b11bc3,docs/tokens/a2b5ec0f0d4e57a358b11bc3.webp,named/earth-elemental__a2b5ec0f0d4e57a358b11bc3.webp,gate_incursions,Planar and Escaped/Major Elemental Gate Creatures,5,Large,Elemental,Severe planar elemental,5-8,a2b5ec0f0d4e57a358b11bc33da1b04aa57b43f7e26588164cc91f873c892eb8,13702
Fire Elemental,34afe8268cfde2501946a3e2,docs/tokens/34afe8268cfde2501946a3e2.webp,named/fire-elemental__34afe8268cfde2501946a3e2.webp,gate_incursions,Planar and Escaped/Major Elemental Gate Creatures,5,Large,Elemental,Severe planar elemental,5-8,34afe8268cfde2501946a3e235a74984ccb0e2b959f35991971e9b07cb6c7e73,12822
Fire Snake,f6199137e9e36bad74ebae88,docs/tokens/f6199137e9e36bad74ebae88.webp,named/fire-snake__f6199137e9e36bad74ebae88.webp,gate_incursions,Planar and Escaped/Minor Elemental Gate Creatures,1,Medium,Elemental,Planar elemental gate creature,1-3,f6199137e9e36bad74ebae8826f691bde5a5b2fb0c5332323d38c7f8b9c8e050,14618
Flesh Golem,544ee74017d94127469646b9,docs/tokens/544ee74017d94127469646b9.webp,named/flesh-golem__544ee74017d94127469646b9.webp,constructs_and_animated,Planar and Escaped/Magically Animated Constructs and Objects,5,Medium,Construct,Magically animated construct,5-7,544ee74017d94127469646b9a4fb33dc339f32f0f036685db57caf8c2db10cec,9250
Frost Salamander,0728d68e21e5914c25a0ae8a,docs/tokens/0728d68e21e5914c25a0ae8a.webp,named/frost-salamander__0728d68e21e5914c25a0ae8a.webp,natural_ecology,Natural Wildlife/Cold-Region Predators,9,Huge,Elemental,Planar or escaped,8-11,0728d68e21e5914c25a0ae8a18f850166b97e22ea9687537abcaa9cbe0202bd5,9982
Galeb Duhr,2e59f40af9961a64bd634808,docs/tokens/2e59f40af9961a64bd634808.webp,named/galeb-duhr__2e59f40af9961a64bd634808.webp,gate_incursions,Planar and Escaped/Major Elemental Gate Creatures,6,Medium,Elemental,Planar elemental guardian,6-8,2e59f40af9961a64bd634808147990eaa6d2038fab6d5fe16da334b9f18bc663,10886
Gargoyle,812c2e9ed6051fd00747dd58,docs/tokens/812c2e9ed6051fd00747dd58.webp,named/gargoyle__812c2e9ed6051fd00747dd58.webp,gate_incursions,Planar and Escaped/Minor Elemental Gate Creatures,2,Medium,Elemental,Planar elemental gate creature,2-4,812c2e9ed6051fd00747dd5871f69236ba3a9529542737f83a4723b29f75eceb,9294
Gas Spore Fungus,0a45a6afe30a10d211d6f2f1,docs/tokens/0a45a6afe30a10d211d6f2f1.webp,named/gas-spore-fungus__0a45a6afe30a10d211d6f2f1.webp,natural_ecology,"Natural Ecology/Physical Fungi, Myconids, and Predatory Plants",1/2,Large,Plant,"Rare natural organism, invasive, or escaped specimen",Hazard for 1-4,0a45a6afe30a10d211d6f2f1a5066909854eea6687c2c83620b4872c52719c68,7304
Gelatinous Cube,ccdbf2bee1b57051c76fcb7a,docs/tokens/ccdbf2bee1b57051c76fcb7a.webp,named/gelatinous-cube__ccdbf2bee1b57051c76fcb7a.webp,natural_ecology,Natural Ecology/Approved Nonmagical Oozes,2,Large,Ooze,Approved unintelligent nonmagical organism,2-4,ccdbf2bee1b57051c76fcb7a8c67e85770249275afcf862e5a8d637e16c1a1ff,10370
Giant Centipede,5521769e32fe6a212211a3f1,docs/tokens/5521769e32fe6a212211a3f1.webp,named/giant-centipede__5521769e32fe6a212211a3f1.webp,natural_ecology,Natural Wildlife/Swarms and Small Vermin,1/4,Small,Beast,Natural,1-2 in groups,5521769e32fe6a212211a3f11c63b77795325061162b3513c6a3b035cba123bb,10922
Giant Crocodile,916eff85bbd507641ede36e3,docs/tokens/916eff85bbd507641ede36e3.webp,named/giant-crocodile__916eff85bbd507641ede36e3.webp,natural_ecology,"Natural Wildlife/Aquatic, Wetland and Coastal Wildlife",5,Huge,Beast,Natural,5-7,916eff85bbd507641ede36e3e7b0d3692ace3043931965563d8ba4f471ecebb7,10456
Giant Dragonfly,6f8b1fc6b14e3964e6fc832b,docs/tokens/6f8b1fc6b14e3964e6fc832b.webp,named/giant-dragonfly__6f8b1fc6b14e3964e6fc832b.webp,natural_ecology,Natural Wildlife/Venomous Animals and Large Insects,1/2,Large,Beast,Natural,1-2,6f8b1fc6b14e3964e6fc832bd78e073b58f390f73666e5168ec83639d6636b7e,9344
Giant Fire Beetle,a2a96b5fef83519b0e928982,docs/tokens/a2a96b5fef83519b0e928982.webp,named/giant-fire-beetle__a2a96b5fef83519b0e928982.webp,natural_ecology,Natural Wildlife/Swarms and Small Vermin,0,Small,Beast,Natural,Environmental; level 1 groups,a2a96b5fef83519b0e9289829ae3f04ba13def4e49af756ef280cb3510e99311,9190
Giant Scorpion,0bd75ab78aa661962a55ff96,docs/tokens/0bd75ab78aa661962a55ff96.webp,named/giant-scorpion__0bd75ab78aa661962a55ff96.webp,natural_ecology,Natural Wildlife/Venomous Animals and Large Insects,3,Large,Beast,Natural,3-5,0bd75ab78aa661962a55ff96f20dbc6ff4651404a1516858f9940f930bc01f00,10760
Giant Snapping Turtle,c16f86bfd314236fc2d4d775,docs/tokens/c16f86bfd314236fc2d4d775.webp,named/giant-snapping-turtle__c16f86bfd314236fc2d4d775.webp,natural_ecology,"Natural Ecology/Freshwater, Marsh, and Deep-Water Wildlife",3,Large,Beast,Natural,3-5,c16f86bfd314236fc2d4d7756b80022998a0dd92f9b45b84312fc0fb9cbdfeea,10948
Giant Spider,0f89cffee834a5fb8c1cf408,docs/tokens/0f89cffee834a5fb8c1cf408.webp,named/giant-spider__0f89cffee834a5fb8c1cf408.webp,natural_ecology,"Natural Wildlife/Cavern, Mine and Burrowing Predators",1,Large,Beast,Natural,1-3,0f89cffee834a5fb8c1cf4084cf650c939bd6ae66ed498614a988efc1592efc2,9588
Giant Toad,0bfb2f6af29b7d989a887664,docs/tokens/0bfb2f6af29b7d989a887664.webp,named/giant-toad__0bfb2f6af29b7d989a887664.webp,natural_ecology,"Natural Wildlife/Aquatic, Wetland and Coastal Wildlife",1,Large,Beast,Natural,1-3,0bfb2f6af29b7d989a8876647658969bab766c430a123e5cd063fa140a589172,9866
Giant Venomous Snake,38d432d652d8319d026922bf,docs/tokens/38d432d652d8319d026922bf.webp,named/giant-venomous-snake__38d432d652d8319d026922bf.webp,natural_ecology,Natural Wildlife/Venomous Animals and Large Insects,1/4,Medium,Beast,Natural,1-3,38d432d652d8319d026922bf01d4dca49397edc83401aab6dfb5e91448485f24,13654
Giant Wasp,07842556110b3e010f873af1,docs/tokens/07842556110b3e010f873af1.webp,named/giant-wasp__07842556110b3e010f873af1.webp,natural_ecology,Natural Wildlife/Aerial and Cliff-Dwelling Wildlife,1/2,Medium,Beast,Natural,1-3,07842556110b3e010f873af153bfd687a9d52c2ce581ff1cae3f027636285101,11948
Giant Wolf Spider,11dfdf345210abb540e69f1c,docs/tokens/11dfdf345210abb540e69f1c.webp,named/giant-wolf-spider__11dfdf345210abb540e69f1c.webp,natural_ecology,Natural Wildlife/Venomous Animals and Large Insects,1/4,Medium,Beast,Natural,1-2,11dfdf345210abb540e69f1c4b24e900bc958cb7c38b1abe0134dba2692c6e0c,10900
Gibbering Mouther,5301b3f3a1ae83142bf32cc7,docs/tokens/5301b3f3a1ae83142bf32cc7.webp,named/gibbering-mouther__5301b3f3a1ae83142bf32cc7.webp,gate_incursions,Planar and Escaped/Minor and Moderate Gate Incursions,2,Medium,Aberration,Planar or escaped,2-4,5301b3f3a1ae83142bf32cc726dd948aa4596f21961100435e13dce7410a56fa,11474
Gray Ooze,0bae63927597ec77f93585a0,docs/tokens/0bae63927597ec77f93585a0.webp,named/gray-ooze__0bae63927597ec77f93585a0.webp,natural_ecology,Natural Ecology/Approved Nonmagical Oozes,1/2,Medium,Ooze,Approved unintelligent nonmagical organism,1-3,0bae63927597ec77f93585a06857b967d5ad866939d384f305fc8557e65935f3,12116
Green Hag,5860d8d608ddab83f7630f03,docs/tokens/5860d8d608ddab83f7630f03.webp,named/green-hag__5860d8d608ddab83f7630f03.webp,planar_and_magical,Planar and Escaped/Fey and Magical Wilderness Creatures,3,Medium,Fey,"Planar visitor, resident, or escaped fey",3-5,5860d8d608ddab83f7630f0338f49a712bf013c214973c0a40e903d420971cac,12002
Green Slaad,6c00decc34cc3469a86660cc,docs/tokens/6c00decc34cc3469a86660cc.webp,named/green-slaad__6c00decc34cc3469a86660cc.webp,gate_incursions,Planar and Escaped/Severe Gate Incursions,8,Large,Aberration (Shapechanger),Planar,8-10,6c00decc34cc3469a86660cc7cba1addb6617185abd9e853d3f864175c581397,9982
Hell Hound,1b6ec42080ba11e3782b069b,docs/tokens/1b6ec42080ba11e3782b069b.webp,named/hell-hound__1b6ec42080ba11e3782b069b.webp,gate_incursions,Planar and Escaped/Minor and Moderate Gate Incursions,3,Medium,Fiend,Planar or escaped,3-5,1b6ec42080ba11e3782b069b3c1187b8d4ce9ed4d5c6825e4d31feefc16c84e8,11084
Helmed Horror,d8ef8d20d70033f441924db9,docs/tokens/d8ef8d20d70033f441924db9.webp,named/helmed-horror__d8ef8d20d70033f441924db9.webp,constructs_and_animated,Planar and Escaped/Magically Animated Constructs and Objects,4,Medium,Construct,Magically animated construct,4-6,d8ef8d20d70033f441924db98cbb04426960022cffc69548b9ba1a09915bdd3c,10942
Hezrou,5d0e2619e2c6fdfcb1092d48,docs/tokens/5d0e2619e2c6fdfcb1092d48.webp,named/hezrou__5d0e2619e2c6fdfcb1092d48.webp,gate_incursions,Planar and Escaped/Severe Gate Incursions,8,Large,Fiend (Demon),Planar,8-10,5d0e2619e2c6fdfcb1092d4886f813d7e2982c80ddba582f2ba1bd3d0c8c682f,13376
Homunculus,469703014a0813cb27f8c77b,docs/tokens/469703014a0813cb27f8c77b.webp,named/homunculus__469703014a0813cb27f8c77b.webp,constructs_and_animated,Planar and Escaped/Magically Animated Constructs and Objects,0,Tiny,Construct,Magically animated construct,1-2 or utility,469703014a0813cb27f8c77b87d0cbae4eaf7c66db14459eec453bf5fe10373c,10520
Ice Mephit,9692804e4c5ebb96616ceb03,docs/tokens/9692804e4c5ebb96616ceb03.webp,named/ice-mephit__9692804e4c5ebb96616ceb03.webp,gate_incursions,Planar and Escaped/Minor Elemental Gate Creatures,1/2,Small,Elemental,Planar elemental gate creature,1-3 in groups,9692804e4c5ebb96616ceb034b0267a99dd53aa6039fd38613734f66b6963a50,13516
Imp,799cb69797650e979c80f212,docs/tokens/799cb69797650e979c80f212.webp,named/imp__799cb69797650e979c80f212.webp,gate_incursions,Planar and Escaped/Minor and Moderate Gate Incursions,1,Tiny,Fiend (Devil),Planar,2-4,799cb69797650e979c80f212f9dae9accfc63b53614c80a5a23896e9272b1c8d,6226
Invisible Stalker,26dcf99a93b2782f5aebe9d8,docs/tokens/26dcf99a93b2782f5aebe9d8.webp,named/invisible-stalker__26dcf99a93b2782f5aebe9d8.webp,gate_incursions,Planar and Escaped/Severe Gate Incursions,6,Medium,Elemental,Planar,6-8,26dcf99a93b2782f5aebe9d876c7c730311af117a9555097c5a39f4c468a0194,6768
Iron Cobra,df46c9165e37cdeafc173752,docs/tokens/df46c9165e37cdeafc173752.webp,named/iron-cobra__df46c9165e37cdeafc173752.webp,constructs_and_animated,Planar and Escaped/Clockwork Construct Adaptation Chassis,4,Medium,Construct,Official magical construct and possible chassis for a separate nonmagical Elyndrian variant,Varies by CR,df46c9165e37cdeafc1737525a9ba25b114c0f8ccb2bde27aad6d769e0df3ee2,8896
Iron Golem,7197a6ada4c64cc6a1a0ccfe,docs/tokens/7197a6ada4c64cc6a1a0ccfe.webp,named/iron-golem__7197a6ada4c64cc6a1a0ccfe.webp,constructs_and_animated,Planar and Escaped/Magically Animated Constructs and Objects,16,Large,Construct,Magically animated construct,14-18,7197a6ada4c64cc6a1a0ccfeb5379ad8f3e843bfa1001152ff8e771db4bf27f5,9592
Kruthik Hive Lord,40df12da675bd0eef0ab3fb8,docs/tokens/40df12da675bd0eef0ab3fb8.webp,named/kruthik-hive-lord__40df12da675bd0eef0ab3fb8.webp,natural_ecology,Natural Wildlife/Venomous Animals and Large Insects,5,Large,Monstrosity,Planar invasive,5-7,40df12da675bd0eef0ab3fb8fb7756ee98596d07d541f69f31d4b6f018ee035c,15818
Magma Mephit,2dcfd7b1171a6b63922b8fbb,docs/tokens/2dcfd7b1171a6b63922b8fbb.webp,named/magma-mephit__2dcfd7b1171a6b63922b8fbb.webp,gate_incursions,Planar and Escaped/Minor Elemental Gate Creatures,1/2,Small,Elemental,Planar elemental gate creature,1-3 in groups,2dcfd7b1171a6b63922b8fbb221809cccff6a9bde55cef04c561a48644b4ca4a,11338
Magmin,fd0363b365cec2b41db6240a,docs/tokens/fd0363b365cec2b41db6240a.webp,named/magmin__fd0363b365cec2b41db6240a.webp,gate_incursions,Planar and Escaped/Minor Elemental Gate Creatures,1/2,Small,Elemental,Planar elemental gate creature,1-3 in groups,fd0363b365cec2b41db6240aa308960c9b922603d29fbc26e377649dbf0d5fc9,12872
Manticore,b3a388ca0f40c5996b835652,docs/tokens/b3a388ca0f40c5996b835652.webp,named/manticore__b3a388ca0f40c5996b835652.webp,gate_incursions,Planar and Escaped/Minor and Moderate Gate Incursions,3,Large,Monstrosity,Planar,3-5,b3a388ca0f40c5996b8356525d306018e790e6bbb0aac2ed4c294d5c0ad7303b,10074
Meenlock,ce06e4bdb151671c4082f685,docs/tokens/ce06e4bdb151671c4082f685.webp,named/meenlock__ce06e4bdb151671c4082f685.webp,planar_and_magical,Planar and Escaped/Fey and Magical Wilderness Creatures,2,Small,Fey,"Planar visitor, resident, or escaped fey",2-4,ce06e4bdb151671c4082f685d2baf8e27d6e7853b1d6cbea06c0417408e43545,8066
Merrow,1b90bdc843d7099878cb903b,docs/tokens/1b90bdc843d7099878cb903b.webp,named/merrow__1b90bdc843d7099878cb903b.webp,planar_and_magical,Planar and Escaped/Intelligent Aquatic and Magical Water Threats,2,Large,Monstrosity,Planar or gate-established raider,2-4,1b90bdc843d7099878cb903b38d3664ef39f81822e33f8c19c2badd22dcf2a24,10430
Mimic,d4053aad96fefc2362427928,docs/tokens/d4053aad96fefc2362427928.webp,named/mimic__d4053aad96fefc2362427928.webp,planar_and_magical,Planar and Escaped/Captured and Transported Monstrosities,2,Medium,Monstrosity,Escaped specimen,2-4,d4053aad96fefc2362427928beb2cf4b287b1c8e3f9c8fafe4cbf8cdb5680e69,10982
Mud Mephit,e2dd4103207a211001320378,docs/tokens/e2dd4103207a211001320378.webp,named/mud-mephit__e2dd4103207a211001320378.webp,gate_incursions,Planar and Escaped/Minor Elemental Gate Creatures,1/4,Small,Elemental,Planar elemental gate creature,1-3 in groups,e2dd4103207a211001320378b13036a36519f87e78209594b221a06a70a1d2df,9124
Myconid Adult,7ff45baeb1836d9ecc65a18e,docs/tokens/7ff45baeb1836d9ecc65a18e.webp,named/myconid-adult__7ff45baeb1836d9ecc65a18e.webp,natural_ecology,"Natural Ecology/Physical Fungi, Myconids, and Predatory Plants",1/2,Medium,Plant,Sentient fungal person,1-3 or social encounter,7ff45baeb1836d9ecc65a18e50e09a1dcac1ff23a9740ef2fa9c22337a05ea76,10156
Myconid Sprout,b07d83c451e0f84f3b469db5,docs/tokens/b07d83c451e0f84f3b469db5.webp,named/myconid-sprout__b07d83c451e0f84f3b469db5.webp,natural_ecology,"Natural Ecology/Physical Fungi, Myconids, and Predatory Plants",0,Small,Plant,Sentient fungal person,Noncombatant or level 1 complication,b07d83c451e0f84f3b469db5565cc88edd451f543c8b71cbff9774c2d1607f16,7072
Needle Blight,ab1ea7bec98ca1e856965b8d,docs/tokens/ab1ea7bec98ca1e856965b8d.webp,named/needle-blight__ab1ea7bec98ca1e856965b8d.webp,planar_and_magical,Planar and Escaped/Magically Sustained Plants and Blights,1/4,Medium,Plant,Magically animated hostile plant,Varies by CR,ab1ea7bec98ca1e856965b8db9e7f23a120fcd2811cc13ee18f91c5236eb558a,8800
Oaken Bolter,15df788e33eb1e2ac97d3e18,docs/tokens/15df788e33eb1e2ac97d3e18.webp,named/oaken-bolter__15df788e33eb1e2ac97d3e18.webp,constructs_and_animated,Planar and Escaped/Clockwork Construct Adaptation Chassis,5,Medium,Construct,Official magical construct and possible chassis for a separate nonmagical Elyndrian variant,Varies by CR,15df788e33eb1e2ac97d3e1893d3e54568adafa79e1472baa2e7bde9e23fc2c9,10586
Ochre Jelly,0235510cf5ef19da2fabc9f4,docs/tokens/0235510cf5ef19da2fabc9f4.webp,named/ochre-jelly__0235510cf5ef19da2fabc9f4.webp,natural_ecology,Natural Ecology/Approved Nonmagical Oozes,2,Large,Ooze,Approved unintelligent nonmagical organism,2-4,0235510cf5ef19da2fabc9f4feee795db158da8dcd2292af8801b901b45f6e93,11948
Phase Spider,fde8276f4e50673294e46826,docs/tokens/fde8276f4e50673294e46826.webp,named/phase-spider__fde8276f4e50673294e46826.webp,planar_and_magical,Planar and Escaped/Fey and Ethereal Predators,3,Large,Monstrosity,Planar or escaped,3-5,fde8276f4e50673294e46826690a4eb9db6a06a6940fac05f5f0593093fbc1b2,12406
Piercer,89a9cab5103e79d03fd93d22,docs/tokens/89a9cab5103e79d03fd93d22.webp,named/piercer__89a9cab5103e79d03fd93d22.webp,natural_ecology,"Natural Wildlife/Cavern, Mine and Burrowing Predators",1/2,Medium,Monstrosity,Natural cavern predator,1-3 as hazard,89a9cab5103e79d03fd93d22aadd315c8c3fd49f97dd9b6f99db48751a5f3eec,7906
Pixie,1f8c2291c622c9a135a5f8a0,docs/tokens/1f8c2291c622c9a135a5f8a0.webp,named/pixie__1f8c2291c622c9a135a5f8a0.webp,planar_and_magical,Planar and Escaped/Fey and Magical Wilderness Creatures,1/4,Tiny,Fey,"Planar visitor, resident, or escaped fey",1-3 or social,1f8c2291c622c9a135a5f8a0b3a6250909c81f644a6f8526cfc970c241b8aef5,8114
Purple Worm,bfbbe102ec74f50dec99f31b,docs/tokens/bfbbe102ec74f50dec99f31b.webp,named/purple-worm__bfbbe102ec74f50dec99f31b.webp,natural_ecology,Natural Wildlife/Venomous Animals and Large Insects,15,Gargantuan,Monstrosity,Exceptional natural apex predator,13-17; lower levels only as disaster,bfbbe102ec74f50dec99f31bebd66da58723ac6665730a73a6f0c3b7d6ba03df,14334
Quasit,69e30b2372402b2b0d82e448,docs/tokens/69e30b2372402b2b0d82e448.webp,named/quasit__69e30b2372402b2b0d82e448.webp,gate_incursions,Planar and Escaped/Minor and Moderate Gate Incursions,1,Tiny,Fiend (Demon),Planar,2-4,69e30b2372402b2b0d82e448aae2092043c34f146f5085e73688fe50958bb5e2,7814
Quickling,d5d71a96c65287901707e644,docs/tokens/d5d71a96c65287901707e644.webp,named/quickling__d5d71a96c65287901707e644.webp,planar_and_magical,Planar and Escaped/Fey and Magical Wilderness Creatures,1,Tiny,Fey,"Planar visitor, resident, or escaped fey",1-3,d5d71a96c65287901707e644e461bbe0fa12acb2f5a34ec238fdc7fc85da4e74,8046
Red Slaad,46b9155ef5466811b8ecf437,docs/tokens/46b9155ef5466811b8ecf437.webp,named/red-slaad__46b9155ef5466811b8ecf437.webp,gate_incursions,Planar and Escaped/Severe Gate Incursions,5,Large,Aberration,Planar,5-7,46b9155ef5466811b8ecf437e0138341b90eb2e5da8ee4e2c432e7f09bd5c57d,10724
Redcap,7741ef81717aba04e13954d5,docs/tokens/7741ef81717aba04e13954d5.webp,named/redcap__7741ef81717aba04e13954d5.webp,planar_and_magical,Planar and Escaped/Fey and Magical Wilderness Creatures,3,Small,Fey,"Planar visitor, resident, or escaped fey",3-5,7741ef81717aba04e13954d5c9627d82f59bfbfa6750b3384245f94646ee3947,8572
Remorhaz,c3e08ab3561fe62a57e3c87e,docs/tokens/c3e08ab3561fe62a57e3c87e.webp,named/remorhaz__c3e08ab3561fe62a57e3c87e.webp,natural_ecology,Natural Wildlife/Cold-Region Predators,11,Huge,Monstrosity,Natural apex predator,9-12,c3e08ab3561fe62a57e3c87e1928d78285ade3f6d5cc6876f91cec3743343efe,15098
Roper,0c447ea10c83d606ddfc68c8,docs/tokens/0c447ea10c83d606ddfc68c8.webp,named/roper__0c447ea10c83d606ddfc68c8.webp,planar_and_magical,Planar and Escaped/Captured and Transported Monstrosities,5,Large,Monstrosity,"Planar, escaped, or established cavern species",5-7,0c447ea10c83d606ddfc68c8d6d0438ba1e5d66b5a4998ec9ae2440c615b2979,11092
Rust Monster,3953d692bd26b8369a787b03,docs/tokens/3953d692bd26b8369a787b03.webp,named/rust-monster__3953d692bd26b8369a787b03.webp,planar_and_magical,Planar and Escaped/Captured and Transported Monstrosities,1/2,Medium,Monstrosity,Escaped,1-3,3953d692bd26b8369a787b036934f994f48bbb0e479e201a7b5262af3daa77dc,10206
Saber-Toothed Tiger,ebc093ea42c9410898b5f105,docs/tokens/ebc093ea42c9410898b5f105.webp,named/saber-toothed-tiger__ebc093ea42c9410898b5f105.webp,natural_ecology,Natural Wildlife/Cold-Region Predators,2,Large,Beast,Natural,2-4,ebc093ea42c9410898b5f10545143fb955c8de97eb059930d00b360a21b2fa2c,11086
Salamander,eabe124d64dc3eac2314665a,docs/tokens/eabe124d64dc3eac2314665a.webp,named/salamander__eabe124d64dc3eac2314665a.webp,gate_incursions,Planar and Escaped/Severe Gate Incursions,5,Large,Elemental,Planar,5-7,eabe124d64dc3eac2314665a8d8d8aa647dd31ceaccf6521100bd69999ad8a0b,10208
Satyr,aa1804c9d36ef9ba084548a3,docs/tokens/aa1804c9d36ef9ba084548a3.webp,named/satyr__aa1804c9d36ef9ba084548a3.webp,planar_and_magical,Planar and Escaped/Fey and Magical Wilderness Creatures,1/2,Medium,Fey,"Planar visitor, resident, or escaped fey",1-3,aa1804c9d36ef9ba084548a3da0189e3c519a64c0970b4ad74eeaa2521852999,6394
Scarecrow,cd0b3abfab82c1f68334a806,docs/tokens/cd0b3abfab82c1f68334a806.webp,named/scarecrow__cd0b3abfab82c1f68334a806.webp,constructs_and_animated,Planar and Escaped/Magically Animated Constructs and Objects,1,Medium,Construct,Magically animated construct,1-3,cd0b3abfab82c1f68334a806d915b695e6469be36daece94c6fe0832563eff61,9902
Sea Hag,90e4536fe62a5a1798a57702,docs/tokens/90e4536fe62a5a1798a57702.webp,named/sea-hag__90e4536fe62a5a1798a57702.webp,gate_incursions,Planar and Escaped/Minor and Moderate Gate Incursions,2,Medium,Fey,Planar,2-4,90e4536fe62a5a1798a57702a9ee3fcce0d91b7519634561a84e21b59fdf405c,13734
Sea Spawn,afb9cc7e0c68bfc87487b345,docs/tokens/afb9cc7e0c68bfc87487b345.webp,named/sea-spawn__afb9cc7e0c68bfc87487b345.webp,planar_and_magical,Planar and Escaped/Intelligent Aquatic and Magical Water Threats,1,Medium,Humanoid or Monstrosity,Altered person or planar servant,1-3,afb9cc7e0c68bfc87487b3452f2fe835b963b5d8e946ea744e4ddb0def42558e,11980
Shambling Mound,ce959b13d0fea8fc25de117e,docs/tokens/ce959b13d0fea8fc25de117e.webp,named/shambling-mound__ce959b13d0fea8fc25de117e.webp,planar_and_magical,Planar and Escaped/Magically Sustained Plants and Blights,5,Large,Plant,Magically sustained plant creature,Varies by CR,ce959b13d0fea8fc25de117e16d5734e42e0a038d90e7ca1ae641540cf13d811,18272
Shield Guardian,28120d8eb9b5f0efa917b7b8,docs/tokens/28120d8eb9b5f0efa917b7b8.webp,named/shield-guardian__28120d8eb9b5f0efa917b7b8.webp,constructs_and_animated,Planar and Escaped/Magically Animated Constructs and Objects,7,Large,Construct,Magically animated construct,7-9,28120d8eb9b5f0efa917b7b8b0c784a74e83a5273ff7b9b32cb06a093e591d0e,12360
Shrieker Fungus,5c6776383810e7d26f84851c,docs/tokens/5c6776383810e7d26f84851c.webp,named/shrieker-fungus__5c6776383810e7d26f84851c.webp,natural_ecology,"Natural Ecology/Physical Fungi, Myconids, and Predatory Plants",0,Medium,Plant,Natural fungus,Environmental,5c6776383810e7d26f84851c25cd15b1017bef8ffaa217093d0833aeeb4d7ee7,11654
Smoke Mephit,129787a37105b378a0d74644,docs/tokens/129787a37105b378a0d74644.webp,named/smoke-mephit__129787a37105b378a0d74644.webp,gate_incursions,Planar and Escaped/Minor Elemental Gate Creatures,1/4,Small,Elemental,Planar elemental gate creature,1-3 in groups,129787a37105b378a0d746442a0206214ee9f80802868af3105d51096421f55e,9688
Sprite,aa586ead1d0337dad899c988,docs/tokens/aa586ead1d0337dad899c988.webp,named/sprite__aa586ead1d0337dad899c988.webp,planar_and_magical,Planar and Escaped/Fey and Magical Wilderness Creatures,1/4,Tiny,Fey,"Planar visitor, resident, or escaped fey",1-3 or social,aa586ead1d0337dad899c9889966440a67d2fc1cfddb1c4715060c5dc43bea2a,9144
Steam Mephit,15f22cb6392da715f0d99b08,docs/tokens/15f22cb6392da715f0d99b08.webp,named/steam-mephit__15f22cb6392da715f0d99b08.webp,gate_incursions,Planar and Escaped/Minor and Moderate Gate Incursions,1/4,Small,Elemental,Planar,1-3 in groups,15f22cb6392da715f0d99b08b97e4ac1737cdc32f1e51dfa2a5d2bdf09995357,10864
Stone Defender,03a6b923028998cadf42931f,docs/tokens/03a6b923028998cadf42931f.webp,named/stone-defender__03a6b923028998cadf42931f.webp,constructs_and_animated,Planar and Escaped/Clockwork Construct Adaptation Chassis,4,Medium,Construct,Official magical construct and possible chassis for a separate nonmagical Elyndrian variant,Varies by CR,03a6b923028998cadf42931f56ab0127cd1e02e8ea619ab63fae175915139398,10214
Stone Golem,4a0520e70c3c142083f0b092,docs/tokens/4a0520e70c3c142083f0b092.webp,named/stone-golem__4a0520e70c3c142083f0b092.webp,constructs_and_animated,Planar and Escaped/Magically Animated Constructs and Objects,10,Large,Construct,Magically animated construct,10-12,4a0520e70c3c142083f0b092dd7c4198ffabd4932b57d981e0fcfc09df7937f9,12016
Twig Blight,a8d7bd77fb99db5432ef4fe2,docs/tokens/a8d7bd77fb99db5432ef4fe2.webp,named/twig-blight__a8d7bd77fb99db5432ef4fe2.webp,planar_and_magical,Planar and Escaped/Magically Sustained Plants and Blights,1/8,Small,Plant,Magically animated hostile plant,Varies by CR,a8d7bd77fb99db5432ef4fe28f7df9a7162642852e0d35815ec41c1d5aa24035,8800
Umber Hulk,b024d1b6110901431ed6f1b0,docs/tokens/b024d1b6110901431ed6f1b0.webp,named/umber-hulk__b024d1b6110901431ed6f1b0.webp,natural_ecology,Natural Wildlife/Venomous Animals and Large Insects,5,Large,Monstrosity,Rare subterranean threat,5-7,b024d1b6110901431ed6f1b05f6d98db29395daaf3657c7169ee818bcfa61776,10326
Vine Blight,f3aa506752e6a471601b1f8c,docs/tokens/f3aa506752e6a471601b1f8c.webp,named/vine-blight__f3aa506752e6a471601b1f8c.webp,planar_and_magical,Planar and Escaped/Magically Sustained Plants and Blights,1/2,Medium,Plant,Magically animated hostile plant,Varies by CR,f3aa506752e6a471601b1f8ca80b539dd2795b613fe9475bfea6ed48c2f1b856,12916
Violet Fungus,61cf7d5417b872e0ae36796d,docs/tokens/61cf7d5417b872e0ae36796d.webp,named/violet-fungus__61cf7d5417b872e0ae36796d.webp,natural_ecology,"Natural Ecology/Physical Fungi, Myconids, and Predatory Plants",1/4,Medium,Plant,Natural fungal predator,1-3 in clusters,61cf7d5417b872e0ae36796da939d526fe1bb4e493697296c09b79ae0f799e62,13152
Vrock,fd895af7b541b1526d9edccc,docs/tokens/fd895af7b541b1526d9edccc.webp,named/vrock__fd895af7b541b1526d9edccc.webp,gate_incursions,Planar and Escaped/Severe Gate Incursions,6,Large,Fiend (Demon),Planar,6-8,fd895af7b541b1526d9edccc20b1f4035763b4a1862d3b771647d6ae7ee9aef9,9626
Water Elemental,880b2fca189a7c063410a481,docs/tokens/880b2fca189a7c063410a481.webp,named/water-elemental__880b2fca189a7c063410a481.webp,gate_incursions,Planar and Escaped/Major Elemental Gate Creatures,5,Large,Elemental,Severe planar elemental,5-8,880b2fca189a7c063410a481419008ccdf34c3953ce92028c41afb08e13b86df,19112
Water Weird,45f3b5cffa03b8f9b629eca2,docs/tokens/45f3b5cffa03b8f9b629eca2.webp,named/water-weird__45f3b5cffa03b8f9b629eca2.webp,planar_and_magical,Planar and Escaped/Intelligent Aquatic and Magical Water Threats,3,Large,Elemental,"Planar, summoned, or contained",3-5,45f3b5cffa03b8f9b629eca26d77e4fd744940944463fd681c71e27e2f7dffee,16284
Winter Wolf,2034d10077639b480399a16f,docs/tokens/2034d10077639b480399a16f.webp,named/winter-wolf__2034d10077639b480399a16f.webp,natural_ecology,Natural Wildlife/Cold-Region Predators,3,Large,Monstrosity,Planar or old gate-established,3-5,2034d10077639b480399a16fb8f1273e7ba17e085aaaf3ed2d2b0dd3344a644c,11990
Wood Woad,be796cb0f9754bac0e8df617,docs/tokens/be796cb0f9754bac0e8df617.webp,named/wood-woad__be796cb0f9754bac0e8df617.webp,planar_and_magical,Planar and Escaped/Magically Sustained Plants and Blights,5,Medium,Plant,Magically created plant guardian,Varies by CR,be796cb0f9754bac0e8df617c259a20efae16ed02c8ee6a7a0ee3f39698619f9,12734
Xorn,2fa4f19f332529bc5794e79d,docs/tokens/2fa4f19f332529bc5794e79d.webp,named/xorn__2fa4f19f332529bc5794e79d.webp,gate_incursions,Planar and Escaped/Minor and Moderate Gate Incursions,5,Medium,Elemental,Planar or escaped,5-7,2fa4f19f332529bc5794e79d8d807fc28791c9b8227531cee639ccabfd7348ae,11906
Yeth Hound,cb5d4e5a8a9830f8de56aaf6,docs/tokens/cb5d4e5a8a9830f8de56aaf6.webp,named/yeth-hound__cb5d4e5a8a9830f8de56aaf6.webp,planar_and_magical,Planar and Escaped/Fey and Magical Wilderness Creatures,4,Large,Fey,"Planar visitor, resident, or escaped fey",4-6,cb5d4e5a8a9830f8de56aaf6ce8ad334904228c0d986a6e17ef986784e3b9bf1,4650
Yeti,9725e314fb9ec599ce772cfb,docs/tokens/9725e314fb9ec599ce772cfb.webp,named/yeti__9725e314fb9ec599ce772cfb.webp,natural_ecology,Natural Wildlife/Cold-Region Predators,3,Large,Monstrosity,Rare natural magical species,3-5,9725e314fb9ec599ce772cfba4f9430570d59460fb51e27b9abb061e3a1cfe0a,6740
Young Kruthik,b191f4a7b8a756cd7ceb28d8,docs/tokens/b191f4a7b8a756cd7ceb28d8.webp,named/young-kruthik__b191f4a7b8a756cd7ceb28d8.webp,natural_ecology,Natural Wildlife/Venomous Animals and Large Insects,1/8,Small,Monstrosity,Planar invasive,1-3 in groups,b191f4a7b8a756cd7ceb28d89ec1e3e66e2c23df2eb73b33c24440cf76af06fd,6764
Young Remorhaz,11cb74fcc485682bcc3f92b3,docs/tokens/11cb74fcc485682bcc3f92b3.webp,named/young-remorhaz__11cb74fcc485682bcc3f92b3.webp,natural_ecology,Natural Wildlife/Cold-Region Predators,5,Large,Monstrosity,"Natural, very rare",5-7,11cb74fcc485682bcc3f92b33bab6c757a9e3e0515d87f0c8572ae8f54be55b3,11488
